Title,Size,Price
Vincent Chase Polarized,Size: Medium • Wired up,₹1500
Vincent Chase,Size: Wide • Met Effect,₹2000
Lenskart Boost,Size: Wide • CRICKET BOOST,₹2000
Vincent Chase Polarized,Size: Medium • Holiday Edit 2.0,₹2000
Vincent Chase Polarized,Size: Wide • Holiday Edit,₹1500
Vincent Chase Polarized,Size: Medium • Heroes,₹1500
Vincent Chase Polarized,Size: Medium •,₹2000
Vincent Chase Polarized,Size: Medium • Holiday Edit 2.0,₹2000
Vincent Chase Polarized,Size: Wide • Tinted,₹2000
Vincent Chase Polarized,Size: Medium • Heroes,₹1500
Lenskart Boost,Size: Extra Wide • CRICKET BOOST,₹2000
Vincent Chase Polarized,Size: Wide • Heroes,₹1500
Vincent Chase Polarized,Size: Medium • Holiday Edit 2.0,₹2000
Vincent Chase,Size: Medium • Petite,₹2000
Vincent Chase Polarized,Size: Wide • Holiday Edit 2.0,₹2000
Vincent Chase,Size: Medium • Fashion Essentials 2.0,₹1500
Vincent Chase Polarized,Size: Wide • Maverick 2.0,₹1500
Vincent Chase,Size: Wide • Athleisure,₹2000
Vincent Chase Polarized,Size: Wide • ATHLEISURE,₹1500
Vincent Chase Polarized,Size: Medium • Fashion Essentials 2.0,₹1500
Vincent Chase Polarized,Size: Medium • Pilot Collection,₹2000
Vincent Chase,Size: Wide • Blue Billion,₹2000
Lenskart Hustlr,Size: Medium • Amber,₹2000
Vincent Chase Polarized,Size: Wide • Holiday Edit,₹1500
Vincent Chase Online,Size: Wide • All Time Hits,₹2000
Vincent Chase Polarized,Size: Medium • Wedding Edit,₹2000
Vincent Chase Polarized,Size: Medium •,₹2000
Vincent Chase Polarized,Size: Medium •,₹2000
Vincent Chase Polarized,Size: Medium • Heroes 2.0,₹2000
Vincent Chase Polarized,Size: Wide • Athleisure,₹1500
Vincent Chase,Size: Wide • Night Riding Glasses,₹2000
Vincent Chase Polarized,Size: Wide • Classics,₹2000
Vincent Chase Polarized,Size: Medium • Met Effect,₹2000
Vincent Chase Polarized,Size: Medium • Athleisure,₹2000
Vincent Chase Polarized,Size: Narrow •,₹2000
Vincent Chase Polarized,Size: Narrow •,₹2000
Vincent Chase,Size: Wide • Night Riding Glasses,₹2000
Vincent Chase Polarized,Size: Wide • Athleisure,₹2000
Vincent Chase Polarized,Size: Medium •,₹2000
Vincent Chase Polarized,Size: Medium • Athleisure,₹2000
Vincent Chase,Size: Wide • Athleisure,₹2000
Vincent Chase Polarized,Size: Wide •,₹1500
Vincent Chase Polarized,Size: Narrow •,₹2000
Vincent Chase,Size: Wide • Night Riding Glasses,₹2000
Vincent Chase Polarized,Size: Wide • Athleisure,₹2000
John Jacobs,Size: Extra Wide • John Jacobs,₹5000
Vincent Chase Polarized,Size: Medium • Met Effect,₹2000
Vincent Chase Polarized,Size: Medium • Havana,₹2000
Vincent Chase Polarized,Size: Medium • Classics,₹2000
Vincent Chase Polarized,Size: Wide • Athleisure,₹2000
Vincent Chase Polarized,Size: Narrow •,₹2000
Vincent Chase Polarized,Size: Extra Wide • Athleisure,₹2000
Vincent Chase Polarized,Size: Medium •,₹1500
Vincent Chase Polarized,Size: Medium • Pilot Collection,₹2000
Vincent Chase Polarized,Size: Medium • Classics,₹2000
Vincent Chase Polarized,Size: Wide •,₹2000
Vincent Chase Polarized,Size: Narrow •,₹2000
Vincent Chase Polarized,Size: Wide • Athleisure,₹2000
Vincent Chase Polarized,Size: Narrow •,₹2000
Vincent Chase Polarized,Size: Wide • Athleisure,₹2000
Vincent Chase Polarized,Size: Wide • MIRAGE,₹1500
Vincent Chase Polarized,Size: Extra Wide • Athleisure,₹2000
Vincent Chase Polarized,Size: Wide • Vintage,₹2000
Vincent Chase Polarized,Size: Wide • Classics,₹2000
Vincent Chase Polarized,Size: Wide •,₹2000
Vincent Chase Polarized,Size: Wide • Classics,₹2000
John Jacobs,Size: Wide • John Jacobs,₹5000
Vincent Chase Polarized,Size: Extra Wide •,₹2000
Vincent Chase Polarized,Size: Wide • Classics,₹2000
Vincent Chase Polarized,Size: Wide •,₹2000
Vincent Chase Polarized,Size: Wide • VINTAGE,₹1500
Vincent Chase Polarized,Size: Wide • Classics,₹2000
Vincent Chase,Size: Narrow •,₹2000
Vincent Chase Polarized,Size: Narrow •,₹2000
Vincent Chase Polarized,Size: Wide • Mirage,₹1500
Vincent Chase Polarized,Size: Wide • Classics,₹2000
John Jacobs,Size: Wide • John Jacobs,₹5000
Vincent Chase Polarized,Size: Narrow •,₹2000
Vincent Chase Polarized,Size: Wide • Classics,₹2000
Vincent Chase Polarized,Size: Wide •,₹1500
Vincent Chase Polarized,Size: Wide • Athleisure,₹2000
Vincent Chase Polarized,Size: Medium • In bloom,₹2000
Vincent Chase,Size: Medium • Athleisure,₹2000
Vincent Chase Polarized,Size: Wide • Mirage,₹2000
Vincent Chase Polarized,Size: Narrow •,₹2000
Vincent Chase Polarized,Size: Wide • Classics,₹2000
Vincent Chase Polarized,Size: Wide • Met Effect,₹2000
Vincent Chase Polarized,Size: Wide • Met Effect,₹2000
Vincent Chase Polarized,Size: Wide • In bloom,₹2000
John Jacobs,Size: Wide • John Jacobs,₹5000
Vincent Chase,Size: Narrow •,₹2000
Vincent Chase Polarized,Size: Narrow •,₹2000
Vincent Chase Polarized,Size: Wide • In bloom,₹2000
Vincent Chase Polarized,Size: Wide •,₹1500
Vincent Chase Polarized,Size: Wide • Vintage,₹2000
Vincent Chase Polarized,Size: Medium • In bloom,₹2000
Vincent Chase Polarized,Size: Wide •,₹2000
Vincent Chase Polarized,Size: Extra Wide • NON-Power,₹2000
Vincent Chase Polarized,Size: Wide • Classics,₹2000
Vincent Chase Polarized,Size: Wide • Mirage,₹1500
Vincent Chase Polarized,Size: Narrow • Wired up,₹2000
Vincent Chase Polarized,Size: Wide • Classics,₹2000
Vincent Chase Polarized,Size: Narrow • Havana,₹2000
Vincent Chase Polarized,Size: Medium • Met Effect,₹2000
Vincent Chase Polarized,Size: Extra Narrow • Future Classics,₹2000
Vincent Chase Polarized,Size: Medium •,₹2000
Vincent Chase Polarized,Size: Medium • Pilot Collection,₹2000
Vincent Chase Polarized,Size: Extra Narrow • Future Classics,₹2000
Vincent Chase Polarized,Size: Narrow •,₹2000
Vincent Chase Polarized,Size: Wide • Met Effect,₹2000
Vincent Chase Polarized,Size: Extra Narrow • Future Classics,₹2000
Vincent Chase Polarized,Size: Medium • Havana,₹2000
Vincent Chase Polarized,Size: Wide • Power,₹2000
Vincent Chase,Size: Narrow • Celeb Edit,₹2000
Vincent Chase Polarized,Size: Extra Narrow • Future Classics,₹2000
John Jacobs,Size: Medium • John Jacobs,₹3500
Vincent Chase Polarized,Size: Medium • Pilot Collection,₹2000
Vincent Chase Polarized,Size: Wide •,₹1500
Vincent Chase Polarized,Size: Narrow • Future Classics,₹2000
John Jacobs,Size: Medium • John Jacobs,₹5000
Vincent Chase Polarized,Size: Narrow • Pilot Collection,₹2000
Vincent Chase Polarized,Size: Wide • Classics,₹2000
Vincent Chase Polarized,Size: Extra Narrow • Future Classics,₹2000
Vincent Chase Polarized,Size: Medium • Wired up,₹2000
Vincent Chase Polarized,Size: Medium • Wired up,₹1500
Vincent Chase Polarized,Size: Extra Narrow • Future Classics,₹2000
Vincent Chase Polarized,Size: Wide • Classics,₹2000
Vincent Chase Polarized,Size: Medium • Met Effect,₹1500
Vincent Chase Polarized,Size: Narrow • Future Classics,₹2000
Vincent Chase,Size: Wide • Athleisure,₹2000
Vincent Chase Polarized,Size: Wide •,₹2000
Vincent Chase Polarized,Size: Wide • CORE-SIZING,₹2000
Vincent Chase Polarized,Size: Medium • Fashion Essentials 2.0,₹1500
Vincent Chase Polarized,Size: Medium • In bloom,₹2000
Vincent Chase Polarized,Size: Medium • CORE-SIZING,₹2000
Vincent Chase Polarized,Size: Medium • Fashion Essentials 2.0,₹1500
Vincent Chase Polarized,Size: Medium • Reader Club,₹2000
Vincent Chase Polarized,Size: Medium • Met Effect,₹2000
Vincent Chase,Size: Wide • Celeb Edit,₹2000
Vincent Chase Polarized,Size: Medium • Maverick 2.0,₹2000
Vincent Chase Polarized,Size: Medium • In bloom,₹2000
Vincent Chase Polarized,Size: Narrow •,₹2000
Vincent Chase,Size: Wide • Fashion Essentials 2.0,₹1500
Vincent Chase Polarized,Size: Narrow • Maverick 2.0,₹2000
Vincent Chase Polarized,Size: Wide • In bloom,₹2000
Vincent Chase Polarized,Size: Narrow • Fashion Essentials 2.0,₹1500
John Jacobs,Size: Wide • John Jacobs,₹5000
Vincent Chase Polarized,Size: Wide • Classics,₹2000
Vincent Chase Polarized,Size: Extra Wide • Met Effect,₹2000
Vincent Chase,Size: Medium • Fashion Essentials 2.0,₹1500
Vincent Chase Polarized,Size: Wide • Fashion Essentials 2.0,₹1500
John Jacobs,Size: Extra Wide • John Jacobs,₹5000
Vincent Chase Polarized,Size: Wide • Wired up,₹1500
Vincent Chase Polarized,Size: Medium • Pilot Collection,₹2000
Vincent Chase,Size: Medium • Fashion Essentials 2.0,₹1500
Vincent Chase Polarized,Size: Wide • Fashion Essentials 2.0,₹1500
Lenskart Hustlr,Size: Medium • Mocha,₹2000
Lenskart Hustlr,Size: Medium • Blue Sky,₹2000
John Jacobs,Size: Extra Wide • John Jacobs,₹6000
Vincent Chase,Size: Narrow • Havana,₹2000
John Jacobs,Size: Extra Wide • John Jacobs,₹6000
John Jacobs,Size: Wide • JJ Rhapsody,₹6000
John Jacobs,Size: Medium • John Jacobs,₹5000
Vincent Chase,Size: Narrow • Havana,₹2000
John Jacobs,Size: Wide • John Jacobs,₹6000
John Jacobs,Size: Medium • John Jacobs,₹5000
John Jacobs,Size: Extra Wide • John Jacobs,₹6000
Vincent Chase,Size: Narrow • Livewire,₹2000
John Jacobs,Size: Medium • John Jacobs,₹5000
John Jacobs,Size: Wide • John Jacobs,₹5000
John Jacobs,Size: Medium • John Jacobs,₹6000
Vincent Chase,Size: Narrow • Petite,₹2000
John Jacobs,Size: Wide • John Jacobs,₹5000
John Jacobs,Size: Wide • John Jacobs,₹5000
John Jacobs,Size: Wide • John Jacobs,₹6000
Lenskart STUDIO,Size: Narrow • Hip Hop,₹3000
John Jacobs,Size: Wide • John Jacobs,₹5000
John Jacobs,Size: Wide • John Jacobs,₹5000
John Jacobs,Size: Wide • John Jacobs,₹5000
John Jacobs,Size: Medium • John Jacobs,₹3500
John Jacobs,Size: Medium • John Jacobs,₹6000
Vincent Chase,Size: Wide • Met Effect,₹2000
Vincent Chase,Size: Medium • Petite,₹2000
John Jacobs,Size: Medium • John Jacobs,₹5000
John Jacobs,Size: Medium • John Jacobs,₹3500
John Jacobs,Size: Medium • John Jacobs,₹5000
Lenskart STUDIO,Size: Medium • Hip Hop,₹3000
Vincent Chase,Size: Narrow • Petite,₹2000
John Jacobs,Size: Wide • John Jacobs,₹5000
Vincent Chase Polarized,Size: Medium • Reader Club,₹2000
John Jacobs,Size: Medium • John Jacobs,₹6000
John Jacobs,Size: Medium • John Jacobs,₹6000
Vincent Chase,Size: Narrow • Havana,₹1500
Vincent Chase,Size: Medium • Petite,₹2000
Vincent Chase,Size: Medium • Petite,₹2000
John Jacobs,Size: Medium • John Jacobs,₹3500
John Jacobs,Size: Extra Wide • John Jacobs,₹7000
John Jacobs,Size: Extra Wide • John Jacobs,₹5000
Vincent Chase Polarized,Size: Medium • CORE-SIZING,₹2000
John Jacobs,Size: Medium • JJ Rhapsody,₹6000
Vincent Chase,Size: Wide • Athleisure,₹1500
Vincent Chase,Size: Medium • Petite,₹2000
Vincent Chase Polarized,Size: Medium • Pilot Collection,₹1500
Vincent Chase Polarized,Size: Medium • STYLE STAPLE,₹2000
John Jacobs,Size: Wide • JJ Rhapsody,₹6000
Vincent Chase Polarized,Size: Medium • Pilot Collection,₹2000
Vincent Chase,Size: Medium • Petite,₹2000
John Jacobs,Size: Wide • John Jacobs,₹5000
Vincent Chase Polarized,Size: Medium • Wired up,₹1500
Vincent Chase Polarized,Size: Extra Wide • Reader Club,₹2000
Lenskart STUDIO,Size: Narrow • GULMARG,₹2000
Vincent Chase Polarized,Size: Narrow • The Fab Line,₹1500
Vincent Chase,Size: Medium • Petite,₹2000
Vincent Chase,Size: Medium • Petite,₹2000
Vincent Chase Polarized,Size: Wide • Classics,₹2000
Vincent Chase Polarized,Size: Extra Wide • Reader Club,₹2000
John Jacobs,Size: Wide • John Jacobs,₹5000
John Jacobs,Size: Extra Wide • John Jacobs,₹3500
John Jacobs,Size: Wide • John Jacobs,₹5000
Vincent Chase Polarized,Size: Medium • In bloom,₹2000
John Jacobs,Size: Wide •,₹6000
Vincent Chase,Size: Narrow • Petite,₹2000
Vincent Chase Polarized,Size: Wide • Classics,₹2000
John Jacobs,Size: Extra Wide • John Jacobs,₹6000
Vincent Chase Polarized,Size: Medium • Classics,₹2000
John Jacobs,Size: Medium • John Jacobs,₹5000
Vincent Chase Polarized,Size: Medium • Pilot Collection,₹1500
Vincent Chase Polarized,Size: Extra Wide • Vincent Chase Polorized,₹2000
Vincent Chase Polarized,Size: Medium • Pilot Collection,₹2000
Vincent Chase Polarized,Size: Wide • ATHLEISURE,₹1500
Vincent Chase Polarized,Size: Narrow • The Fab Line,₹1500
John Jacobs,Size: Wide • John Jacobs,₹6000
John Jacobs,Size: Extra Wide • John Jacobs,₹5000
Vincent Chase Polarized,Size: Wide • In bloom,₹2000
Vincent Chase Polarized,Size: Narrow • CORE-SIZING,₹1500
John Jacobs,Size: Extra Wide • John Jacobs,₹5000
Vincent Chase Polarized,Size: Medium • In bloom,₹2000
Vincent Chase Polarized,Size: Extra Wide • Met Effect,₹2000
John Jacobs,Size: Wide • John Jacobs,₹5000
John Jacobs,Size: Wide • John Jacobs,₹5000
Vincent Chase Polarized,Size: Wide • In bloom,₹2000
Vincent Chase Polarized,Size: Wide • ATHLEISURE,₹1500
Vincent Chase Polarized,Size: Wide • ATHLEISURE,₹1500
John Jacobs,Size: Wide • John Jacobs,₹5000
Vincent Chase Polarized,Size: Wide • Heroes,₹1500
Hooper,Size: 8-12 yrs • Memphis Hooper,₹1000
Vincent Chase Polarized,Size: Medium • Assorted,₹1500
Vincent Chase Polarized,Size: Wide • In bloom,₹2000
John Jacobs,Size: Medium • JJ Rhapsody,₹6000
Vincent Chase Polarized,Size: Medium • The Fab Line,₹1500
Vincent Chase,Size: Wide • THE FAB LINE,₹1500
John Jacobs,Size: Wide • John Jacobs,₹6000
Vincent Chase,Size: Medium • Petite,₹2000
Hooper,Size: 8-12 yrs • Batman,₹2000
Vincent Chase Polarized,Size: Narrow • Vincent Chase Polorized,₹2000
Vincent Chase Polarized,Size: Wide • ATHLEISURE,₹1500
Vincent Chase Polarized,Size: Wide • Met Effect,₹2000
John Jacobs,Size: Extra Wide • John Jacobs,₹6000
Vincent Chase Polarized,Size: Medium • STYLE STAPLE,₹2000
John Jacobs,Size: Wide •,₹6000
Vincent Chase,Size: Medium • Petite,₹2000
Vincent Chase Polarized,Size: Wide • Classics,₹2000
Hooper,Size: 8-12 yrs • Memphis Hooper,₹1000
Vincent Chase Polarized,Size: Medium • The Fab Line,₹1500
John Jacobs,Size: Wide • John Jacobs,₹5000
Vincent Chase,Size: Narrow • Petite,₹2000
Vincent Chase Polarized,Size: Wide • Heroes,₹1500
Vincent Chase Polarized,Size: Wide • Heroes,₹1500
Vincent Chase Polarized,Size: Wide • CORE-SIZING,₹2000
Vincent Chase,Size: Wide • THE FAB LINE,₹1500
Vincent Chase Polarized,Size: Narrow • Wedding Edit,₹2000
Vincent Chase Polarized,Size: Wide • ATHLEISURE,₹1500
Vincent Chase Polarized,Size: Medium • The Fab Line,₹1500
John Jacobs,Size: Medium • John Jacobs,₹5000
Vincent Chase Polarized,Size: Wide • The Fab Line,₹1500
Vincent Chase,Size: Medium • Petite,₹2000
Hooper,Size: 5-8 yrs • Space Explorers,₹1000
Vincent Chase Polarized,Size: Wide • The Fab Line,₹1500
Hooper,Size: 8-12 yrs • Superman,₹2000
John Jacobs,Size: Extra Wide • John Jacobs,₹6000
Vincent Chase,Size: Narrow • CORE-SIZING,₹2000
John Jacobs,Size: Extra Wide • John Jacobs,₹5000
John Jacobs,Size: Wide • John Jacobs,₹6000
Vincent Chase,Size: Narrow • Petite,₹2000
John Jacobs,Size: Wide • John Jacobs,₹6000
John Jacobs,Size: Wide • John Jacobs,₹5000
John Jacobs,Size: Medium • John Jacobs,₹5000
Vincent Chase Polarized,Size: Medium • The Fab Line,₹1500
Vincent Chase Polarized,Size: Medium • Classics,₹2000
Hooper,Size: 8-12 yrs • Space Explorers,₹1000
John Jacobs,Size: Extra Wide • John Jacobs,₹6000
Vincent Chase Polarized,Size: Wide • Athleisure,₹1500
Vincent Chase,Size: Medium • CORE-SIZING,₹2000
John Jacobs,Size: Wide • John Jacobs,₹6000
Vincent Chase Polarized,Size: Wide • Classics,₹2000
Vincent Chase,Size: Medium • Fashion Essentials 2.0,₹1500
John Jacobs,Size: Extra Wide • John Jacobs,₹6000
John Jacobs,Size: Medium • John Jacobs,₹3500
Vincent Chase Polarized,Size: Medium • STYLE STAPLE,₹2000
John Jacobs,Size: Extra Wide • JJ Rhapsody,₹6000
Vincent Chase Polarized,Size: Wide • ATHLEISURE,₹1500
Vincent Chase Polarized,Size: Extra Wide • KJO FRAME,₹1500
Hooper,Size: 8-12 yrs • Memphis Hooper,₹1000
John Jacobs,Size: Wide • John Jacobs,₹5000
Vincent Chase Polarized,Size: Wide • Classics,₹2000
John Jacobs,Size: Wide • John Jacobs,₹5000
Hooper,Size: 8-12 yrs • Superman,₹2000
Vincent Chase Polarized,Size: Medium • Wedding Edit,₹2000
John Jacobs,Size: Wide • John Jacobs,₹3500
Hooper,Size: 8-12 yrs • Space Explorers,₹1000
John Jacobs,Size: Extra Wide • John Jacobs,₹7000
Vincent Chase Polarized,Size: Narrow • Wedding Edit,₹2000
John Jacobs,Size: Wide •,₹6000
Vincent Chase Polarized,Size: Wide • Heroes,₹1500
Vincent Chase Polarized,Size: Medium • Heroes,₹1500
Vincent Chase Polarized,Size: Wide •,₹1500
Vincent Chase Polarized,Size: Narrow • Wedding Edit,₹2000
Vincent Chase Online,Size: Medium •,₹1500
John Jacobs,Size: Wide • John Jacobs,₹5000
Lenskart Boost,Size: Wide • CRICKET BOOST,₹2000
Vincent Chase,Size: Medium • Petite,₹2000
John Jacobs,Size: Extra Wide • JJ Tints,₹6000
Vincent Chase Polarized,Size: Medium • Assorted,₹2000
Vincent Chase Polarized,Size: Medium • Classics,₹2000
John Jacobs,Size: Wide • John Jacobs,₹6000
John Jacobs,Size: Wide • John Jacobs,₹6000
John Jacobs,Size: Wide • John Jacobs,₹6000
Vincent Chase Polarized,Size: Medium • Wedding Edit,₹2000
John Jacobs,Size: Wide • John Jacobs,₹5000
Hooper,Size: 8-12 yrs • Memphis Hooper,₹1000
Vincent Chase,Size: Wide • BLUE BILLION,₹2000
John Jacobs,Size: Extra Wide • John Jacobs,₹6000
John Jacobs,Size: Wide • John Jacobs,₹6000
Hooper,Size: 5-8 yrs • Space Explorers,₹1000
John Jacobs,Size: Extra Wide • John Jacobs,₹5000
John Jacobs,Size: Narrow • John Jacobs,₹5000
Hooper,Size: 5-8 yrs • Space Explorers,₹1000
John Jacobs,Size: Medium • John Jacobs,₹5000
John Jacobs,Size: Extra Narrow • John Jacobs,₹5000
Vincent Chase Polarized,Size: Medium •,₹2000
Hooper,Size: 8-12 yrs • Batman,₹2000
Hooper,Size: 8-12 yrs • Space Explorers,₹1000
John Jacobs,Size: Wide • John Jacobs,₹5000
Hooper,Size: 8-12 yrs • Space Explorers,₹1000
Vincent Chase Polarized,Size: Wide • ATHLEISURE,₹1500
John Jacobs,Size: Extra Wide • JJ Rhapsody,₹6000
Vincent Chase,Size: Wide • Athleisure,₹1500
Hooper,Size: 8-12 yrs • Batman,₹2000
Vincent Chase Polarized,Size: Wide • Heroes,₹1500
Vincent Chase Polarized,Size: Medium • Holiday Edit 2.0,₹2000
Vincent Chase,Size: Narrow • Petite,₹2000
Vincent Chase,Size: Wide • BLUE BILLION,₹2000
John Jacobs,Size: Wide • John Jacobs,₹5000
Hooper,Size: 8-12 yrs • Space Explorers,₹1000
Vincent Chase Online,Size: Wide • Patriot,₹1000
Vincent Chase Polarized,Size: Narrow • Fashion Essentials 2.0,₹1500
John Jacobs,Size: Extra Wide • John Jacobs,₹6000
John Jacobs,Size: Wide •,₹6000
Hooper,Size: 8-12 yrs • Superman,₹2000
Hooper,Size: 8-12 yrs • Space Explorers,₹1000
Vincent Chase Polarized,Size: Extra Narrow • Wedding Edit,₹2000
John Jacobs,Size: Extra Wide • JJ X Sobhita,₹5000
John Jacobs,Size: Extra Wide • John Jacobs,₹6000
John Jacobs,Size: Wide • John Jacobs,₹6000
Vincent Chase Polarized,Size: Wide •,₹1500
John Jacobs,Size: Wide • John Jacobs,₹6000
Vincent Chase Polarized,Size: Medium • Classics,₹2000
Vincent Chase Polarized,Size: Wide • Air,₹2000
Hooper,Size: 8-12 yrs • Batman,₹2000
Hooper,Size: 8-12 yrs • Space Explorers,₹1000
John Jacobs,Size: Medium • John Jacobs,₹6000
Vincent Chase Polarized,Size: Narrow •,₹2000
Hooper,Size: 8-12 yrs • Hooper Sunnies,₹1000
Vincent Chase Polarized,Size: Narrow • STYLE STAPLE,₹2000
John Jacobs,Size: Medium • John Jacobs,₹5000
Vincent Chase Polarized,Size: Narrow • STYLE STAPLE,₹2000
Vincent Chase,Size: Wide • BLUE BILLION,₹2000
Vincent Chase Polarized,Size: Medium • Maverick 2.0,₹2000
Vincent Chase,Size: Narrow • Petite,₹2000
John Jacobs,Size: Medium • John Jacobs,₹5000
Vincent Chase Online,Size: Wide • Marble Collection,₹1500
Vincent Chase Polarized,Size: Narrow • Maverick 2.0,₹2000
Vincent Chase,Size: Narrow • Petite,₹2000
Hooper,Size: 8-12 yrs • Space Explorers,₹1000
Vincent Chase Polarized,Size: Wide • Classics,₹2000
Vincent Chase Polarized,Size: Medium • STYLE STAPLE,₹2000
Vincent Chase Polarized,Size: Narrow • Wedding Edit,₹2000
John Jacobs,Size: Wide • John Jacobs,₹5000
Vincent Chase Polarized,Size: Medium • Livewire,₹2000
Hooper,Size: 8-12 yrs • Batman,₹2000
Vincent Chase Polarized,Size: Extra Narrow • Wedding Edit,₹2000
Vincent Chase Polarized,Size: Medium • Fashion Essentials 2.0,₹1500
Vincent Chase Polarized,Size: Extra Narrow • Future Classics,₹2000
John Jacobs,Size: Extra Wide • JJ X Masaba,₹5000
Vincent Chase Polarized,Size: Narrow • Future Classics,₹2000
Hooper,Size: 5-8 yrs • Memphis Hooper,₹1000
Hooper,Size: 5-8 yrs • Space Explorers,₹1000
Vincent Chase,Size: Medium • Fashion Essentials 2.0,₹1500
Vincent Chase Polarized,Size: Wide • Classics,₹2000
John Jacobs,Size: Wide • John Jacobs,₹5000
Hooper,Size: 8-12 yrs • Space Explorers,₹1000
Vincent Chase,Size: Extra Wide • CORE-SIZING,₹2000
Hooper,Size: 8-12 yrs • Flash,₹2000
John Jacobs,Size: Wide • John Jacobs,₹6000
Hooper,Size: 8-12 yrs • Flash,₹2000
John Jacobs,Size: Extra Wide • John Jacobs,₹6000
Vincent Chase Online,Size: Wide • Patriot,₹1000
Vincent Chase,Size: Medium • Assorted,₹2000
Vincent Chase Polarized,Size: Narrow • All-Time Hits,₹2000
Hooper,Size: 8-12 yrs • Batman,₹2000
Vincent Chase Polarized,Size: Extra Narrow • Wedding Edit,₹2000
Vincent Chase Polarized,Size: Narrow • Wedding Edit,₹2000
Vincent Chase Polarized,Size: Wide • All-Time Hits,₹2000
John Jacobs,Size: Narrow • John Jacobs,₹5000
Vincent Chase Polarized,Size: Narrow • All-Time Hits,₹2000
John Jacobs,Size: Wide • John Jacobs,₹5000
John Jacobs,Size: Wide • John Jacobs,₹6000
Hooper,Size: 8-12 yrs • Batman,₹2000
Vincent Chase Polarized,Size: Extra Narrow • Future Classics,₹2000
Hooper,Size: 5-8 yrs • Hooper Sunnies,₹1000
John Jacobs,Size: Medium • JJ Rhapsody,₹6000
Vincent Chase Polarized,Size: Narrow • STYLE STAPLE,₹2000
Vincent Chase Polarized,Size: Wide • Heroes,₹1500
John Jacobs,Size: Wide • John Jacobs,₹3500
Vincent Chase Polarized,Size: Wide • Holiday Edit 2.0,₹2000
John Jacobs,Size: Extra Wide • JJ X Sobhita,₹5000
Vincent Chase Polarized,Size: Narrow • Fashion Essentials 2.0,₹1500
John Jacobs,Size: Medium • John Jacobs,₹3500
Vincent Chase Polarized,Size: Narrow • Wedding Edit,₹2000
Vincent Chase Polarized,Size: Medium • Fashion Essentials 2.0,₹1500
Vincent Chase,Size: Wide • Fashion Essentials 2.0,₹1500
John Jacobs,Size: Medium • John Jacobs,₹5000
Vincent Chase,Size: Wide • BLUE BILLION,₹2000
Hooper,Size: 5-8 yrs • Space Explorers,₹1000
Vincent Chase Polarized,Size: Narrow • STYLE STAPLE,₹2000
Vincent Chase Polarized,Size: Narrow • Holiday Edit 2.0,₹2000
Vincent Chase,Size: Wide • BLUE BILLION,₹2000
Hooper,Size: 8-12 yrs • Superman,₹2000
Vincent Chase Polarized,Size: Medium • Wedding Edit,₹2000
John Jacobs,Size: Wide • John Jacobs,₹5000
Vincent Chase Polarized,Size: Narrow • Fashion Essentials 2.0,₹1500
Vincent Chase Polarized,Size: Medium • Heroes,₹1500
Vincent Chase Polarized,Size: Medium •,₹2000
Vincent Chase Polarized,Size: Wide • Athleisure,₹1500
John Jacobs,Size: Extra Wide • JJ X Sonam Bajwa,₹5000
John Jacobs,Size: Wide • John Jacobs,₹6000
Vincent Chase Online,Size: Extra Wide • CWC PRINTED,₹1500
Vincent Chase Polarized,Size: Wide • All-Time Hits,₹2000
John Jacobs,Size: Extra Wide • JJ Tints,₹6000
John Jacobs,Size: Extra Wide • John Jacobs,₹6000
Vincent Chase Polarized,Size: Extra Narrow • Future Classics,₹2000
Vincent Chase Polarized,Size: Extra Narrow • Future Classics,₹2000
Vincent Chase Polarized,Size: Wide • Athleisure,₹2000
John Jacobs,Size: Wide • John Jacobs,₹6000
John Jacobs,Size: Wide • John Jacobs,₹6000
Vincent Chase Polarized,Size: Narrow • All-Time Hits,₹2000
John Jacobs,Size: Wide • John Jacobs,₹5000
Vincent Chase,Size: Narrow • Petite,₹2000
Vincent Chase Online,Size: Medium •,₹1500
John Jacobs,Size: Extra Wide • John Jacobs,₹5000
Hooper,Size: 8-12 yrs • Superman,₹2000
Vincent Chase Polarized,Size: Wide • ATHLEISURE,₹2000
Vincent Chase Polarized,Size: Medium • Holiday Edit 2.0,₹2000
Vincent Chase Polarized,Size: Extra Narrow • Future Classics,₹2000
Vincent Chase Polarized,Size: Extra Narrow • Future Classics,₹2000
John Jacobs,Size: Extra Wide •,₹8000
Vincent Chase,Size: Narrow •,₹2000
Hooper,Size: 8-12 yrs • Superman,₹2000
John Jacobs,Size: Extra Wide • JJ X Masaba,₹6000
John Jacobs,Size: Extra Wide • John Jacobs,₹6000
John Jacobs,Size: Extra Wide • JJ X Masaba,₹5000
Lenskart Boost,Size: Wide • CRICKET BOOST,₹2000
John Jacobs,Size: Extra Wide • John Jacobs,₹5000
Vincent Chase Polarized,Size: Narrow • Wedding Edit,₹2000
Vincent Chase Polarized,Size: Medium • Heroes,₹1500
John Jacobs,Size: Wide • John Jacobs,₹6000
Vincent Chase Polarized,Size: Wide • Holiday Edit,₹1500
Vincent Chase Polarized,Size: Wide •,₹1500
John Jacobs,Size: Medium • John Jacobs,₹5000
Vincent Chase Polarized,Size: Narrow • Livewire,₹2000
Vincent Chase Polarized,Size: Medium • Fashion Essentials 2.0,₹1500
Vincent Chase Polarized,Size: Extra Narrow • Future Classics,₹2000
John Jacobs,Size: Extra Wide • John Jacobs,₹6000
Vincent Chase Polarized,Size: Wide • All-Time Hits,₹2000
Vincent Chase Polarized,Size: Medium • Air,₹2000
John Jacobs,Size: Wide • John Jacobs,₹6000
Vincent Chase Polarized,Size: Extra Narrow • Future Classics,₹2000
Hooper,Size: 5-8 yrs • Memphis Hooper,₹1000
Vincent Chase Polarized,Size: Narrow • Fashion Essentials 2.0,₹1500
John Jacobs,Size: Wide •,₹6000
Hooper,Size: 8-12 yrs • Superman,₹2000
Vincent Chase Online,Size: Medium • Pilot Collection,₹2000
Vincent Chase Online,Size: Wide • All Time Hits,₹2000
Vincent Chase Polarized,Size: Medium • Fashion Essentials 2.0,₹1500
Vincent Chase,Size: Wide • Fashion Essentials,₹1000
John Jacobs,Size: Extra Wide • JJ X Masaba,₹6000
Vincent Chase Online,Size: Extra Wide • CWC PRINTED,₹1500
Vincent Chase Polarized,Size: Medium • Fashion Essentials 2.0,₹1500
Vincent Chase Polarized,Size: Extra Narrow • Future Classics,₹2000
Vincent Chase Polarized,Size: Medium •,₹2000
Vincent Chase Polarized,Size: Wide •,₹1500
Vincent Chase Polarized,Size: Extra Wide •,₹2000
John Jacobs,Size: Extra Wide • JJ X Sobhita,₹5000
Vincent Chase Polarized,Size: Medium • Heroes,₹1500
John Jacobs,Size: Medium •,₹5000
John Jacobs,Size: Wide • John Jacobs,₹5000
John Jacobs,Size: Wide • John Jacobs,₹3500
Vincent Chase Polarized,Size: Wide • STYLE STAPLE,₹2000
Vincent Chase Online,Size: Extra Wide • CWC PRINTED,₹1500
Vincent Chase Polarized,Size: Wide • Heroes,₹1500
John Jacobs,Size: Wide • John Jacobs,₹5000
Lenskart Boost,Size: Extra Wide • RIDE,₹2000
John Jacobs,Size: Extra Narrow • John Jacobs,₹5000
Vincent Chase Polarized,Size: Medium • Air,₹2000
Vincent Chase Polarized,Size: Extra Wide • Urban Retro,₹1500
Vincent Chase Polarized,Size: Medium • Heroes,₹1500
Vincent Chase Online,Size: Medium • Summer Pop,₹1500
Hooper,Size: 8-12 yrs • Flash,₹2000
Hooper,Size: 8-12 yrs • Flash,₹2000
John Jacobs,Size: Medium • John Jacobs,₹5000
Hooper,Size: 5-8 yrs • Space Explorers,₹1000
John Jacobs,Size: Wide • John Jacobs,₹6000
John Jacobs,Size: Wide • John Jacobs,₹6000
Hooper,Size: 8-12 yrs • Hooper Sunnies,₹1000
Vincent Chase Online,Size: Wide • Summer Pop,₹1500
Vincent Chase Polarized,Size: Narrow • LIVEWIRE,₹2000
Vincent Chase Polarized,Size: Narrow • All-Time Hits,₹2000
John Jacobs,Size: Extra Wide • John Jacobs,₹6000
Vincent Chase Polarized,Size: Wide • Fashion Essentials 2.0,₹1500
Vincent Chase Polarized,Size: Wide • Air,₹2000
Vincent Chase Polarized,Size: Medium • Livewire,₹2000
Vincent Chase Polarized,Size: Wide • Athleisure,₹2000
Vincent Chase Polarized,Size: Wide • Holiday Edit 2.0,₹2000
Vincent Chase Polarized,Size: Wide • Fashion Essentials 2.0,₹1500
Vincent Chase Polarized,Size: Medium •,₹2000
Vincent Chase Polarized,Size: Wide •,₹1500
John Jacobs,Size: Medium • John Jacobs,₹5000
John Jacobs,Size: Extra Wide • John Jacobs,₹5000
Vincent Chase Polarized,Size: Extra Narrow • Future Classics,₹2000
Hooper,Size: 8-12 yrs • Hooper Sunnies,₹1000
John Jacobs,Size: Wide • JJ Rhapsody,₹6000
Vincent Chase Polarized,Size: Wide • Holiday Edit,₹1500
Vincent Chase Polarized,Size: Wide • Holiday Edit,₹1500
Vincent Chase Polarized,Size: Wide • Urban Retro,₹2000
Hooper,Size: 8-12 yrs • Hooper Sunnies,₹1000
Vincent Chase Polarized,Size: Narrow • Holiday Edit 2.0,₹2000
Vincent Chase Polarized,Size: Wide •,₹2000
Vincent Chase Online,Size: Wide • Summer Pop,₹1500
Vincent Chase Polarized,Size: Wide • Holiday Edit 2.0,₹2000
Vincent Chase Polarized,Size: Wide •,₹2000
Vincent Chase Polarized,Size: Wide • All-Time Hits,₹2000
Vincent Chase Polarized,Size: Medium •,₹2000
Vincent Chase Polarized,Size: Narrow • All-Time Hits,₹2000
John Jacobs,Size: Extra Wide • JJ Turban Edit,₹5000
Vincent Chase Polarized,Size: Extra Narrow • Future Classics,₹2000
John Jacobs,Size: Narrow • John Jacobs,₹5000
Lenskart STUDIO,Size: Medium • GULMARG,₹2000
Vincent Chase Polarized,Size: Wide • Holiday Edit 2.0,₹2000
John Jacobs,Size: Extra Wide • JJ Turban Edit,₹5000
Vincent Chase Polarized,Size: Wide • Athleisure,₹2000
Vincent Chase Polarized,Size: Wide • Fashion Essentials 2.0,₹1500
Vincent Chase Polarized,Size: Wide •,₹1500
Vincent Chase Online,Size: Medium •,₹1500
John Jacobs,Size: Extra Wide • JJ X Masaba,₹5000
John Jacobs,Size: Extra Wide • John Jacobs,₹8000
Vincent Chase Polarized,Size: Wide • Holiday Edit,₹1500
Vincent Chase Polarized,Size: Wide • Holiday Edit 2.0,₹2000
John Jacobs,Size: Extra Wide • JJ Turban Edit,₹5000
Vincent Chase Polarized,Size: Narrow • Fashion Essentials 2.0,₹1500
Vincent Chase Polarized,Size: Narrow • Future Classics,₹2000
John Jacobs,Size: Extra Wide • JJ Turban Edit,₹5000
Hooper,Size: 8-12 yrs • Hooper Sunnies,₹1000
John Jacobs,Size: Extra Wide • JJ Turban Edit,₹5000
Hooper,Size: 8-12 yrs • Hooper Sunnies,₹1000
Hooper,Size: 5-8 yrs • Hooper Sunnies,₹1000
Vincent Chase Polarized,Size: Wide • Holiday Edit,₹1500
Vincent Chase Polarized,Size: Medium •,₹2000
Hooper,Size: 5-8 yrs • Hooper Sunnies,₹1000
John Jacobs,Size: Extra Wide • JJ X Masaba,₹6000
Vincent Chase Polarized,Size: Wide • Classics,₹2000
Hooper,Size: 8-12 yrs • Hooper Sunnies,₹1000
John Jacobs,Size: Wide •,₹6000
Vincent Chase Polarized,Size: Wide • Athleisure,₹2000
Vincent Chase Polarized,Size: Wide • Holiday Edit,₹1500
Vincent Chase Online,Size: Extra Wide • CWC PRINTED,₹1500
John Jacobs,Size: Narrow • John Jacobs,₹3500
Vincent Chase Polarized,Size: Wide •,₹1500
Vincent Chase,Size: Medium • Fashion Essentials,₹1000
Hooper,Size: 5-8 yrs • Hooper Sunnies,₹1000
Vincent Chase Polarized,Size: Wide •,₹2000
John Jacobs,Size: Extra Wide • JJ Turban Edit,₹5000
Vincent Chase,Size: Medium • Heroes,₹1500
Vincent Chase Polarized,Size: Wide •,₹1500
Hooper,Size: 8-12 yrs • Hooper Sunnies,₹1000
Vincent Chase,Size: Wide • Fashion Essentials,₹1000
Vincent Chase Online,Size: Extra Wide • Summer Pop,₹1500
Vincent Chase Polarized,Size: Medium • Holiday Edit 2.0,₹2000
John Jacobs,Size: Wide • John Jacobs,₹3500
Lenskart Boost,Size: Wide • Run,₹2000
Vincent Chase Polarized,Size: Wide • Classics,₹2000
Vincent Chase Polarized,Size: Wide • Classics,₹2000
Vincent Chase Polarized,Size: Medium •,₹2000
Vincent Chase Polarized,Size: Wide •,₹2000
Vincent Chase Polarized,Size: Narrow • Holiday Edit 2.0,₹2000
Vincent Chase,Size: Wide • Havana,₹2000
John Jacobs,Size: Wide • John Jacobs,₹5000
John Jacobs,Size: Wide • John Jacobs,₹5000
Vincent Chase Polarized,Size: Wide • Fashion Essentials,₹1000
Vincent Chase Polarized,Size: Wide • Holiday Edit,₹1500
Vincent Chase Polarized,Size: Wide •,₹2000
Vincent Chase Polarized,Size: Medium •,₹2000
Hooper,Size: 8-12 yrs • Hooper Sunnies,₹1000
John Jacobs,Size: Extra Wide • JJ Rhapsody,₹6000
Vincent Chase,Size: Wide • Urban Retro,₹2000
Hooper,Size: 5-8 yrs • Hooper Sunnies,₹1000
Vincent Chase Polarized,Size: Medium • Air,₹2000
Vincent Chase Polarized,Size: Wide •,₹2000
John Jacobs,Size: Wide • JJ X Sobhita,₹5000
Vincent Chase Polarized,Size: Wide • Heroes,₹1500
John Jacobs,Size: Wide • John Jacobs,₹5000
Vincent Chase Online,Size: Medium •,₹1500
Vincent Chase Online,Size: Medium •,₹2000
Vincent Chase,Size: Wide • Fashion Essentials,₹1000
John Jacobs,Size: Medium • John Jacobs,₹5000
Vincent Chase Polarized,Size: Wide •,₹2000
Lenskart Boost,Size: Wide • Run,₹2000
Vincent Chase Polarized,Size: Narrow • Holiday Edit 2.0,₹2000
Hooper,Size: 5-8 yrs • Hooper Sunnies,₹1000
Vincent Chase Polarized,Size: Wide •,₹1500
John Jacobs,Size: Wide • John Jacobs,₹3500
John Jacobs,Size: Wide • John Jacobs,₹3500
Hooper,Size: 5-8 yrs • Hooper Sunnies,₹1000
John Jacobs,Size: Extra Wide •,₹8000
Lenskart Boost,Size: Wide • Run,₹2000
Lenskart Boost,Size: Extra Wide • Ride,₹2000
Vincent Chase Polarized,Size: Wide • Holiday Edit,₹1500
Hooper,Size: 8-12 yrs • Hooper Sunnies,₹1000
Vincent Chase Polarized,Size: Wide • Holiday Edit,₹1500
Vincent Chase Polarized,Size: Wide • Classics,₹2000
Vincent Chase Polarized,Size: Narrow •,₹2000
Vincent Chase Polarized,Size: Narrow •,₹2000
John Jacobs,Size: Extra Wide •,₹5000
Vincent Chase,Size: Wide • Fashion Essentials,₹1000
John Jacobs,Size: Wide • John Jacobs,₹5000
Vincent Chase,Size: Medium •,₹1500
Hooper,Size: 8-12 yrs • Hooper Sunnies,₹1000
Vincent Chase Polarized,Size: Wide •,₹1500
Hooper,Size: 5-8 yrs • Hooper Sunnies,₹1000
Vincent Chase Polarized,Size: Medium •,₹2000
Vincent Chase Polarized,Size: Medium •,₹2000
John Jacobs,Size: Wide • John Jacobs,₹3500
Vincent Chase Polarized,Size: Extra Wide • Holiday Edit 2.0,₹2000
Vincent Chase Polarized,Size: Wide •,₹2000
Vincent Chase Polarized,Size: Wide • Fashion Essentials,₹1000
Vincent Chase Polarized,Size: Wide •,₹1500
John Jacobs,Size: Medium • JJ Rhapsody,₹6000
Vincent Chase Polarized,Size: Narrow • Wedding Edit,₹2000
Vincent Chase Polarized,Size: Wide •,₹2000
Hooper,Size: 8-12 yrs • Hooper Sunnies,₹1000
Vincent Chase Polarized,Size: Extra Wide • Holiday Edit 2.0,₹2000
John Jacobs,Size: Extra Wide • John Jacobs,₹5000
Vincent Chase Polarized,Size: Wide • Holiday Edit,₹1500
John Jacobs,Size: Wide • John Jacobs,₹3500
Lenskart Boost,Size: Extra Wide • Ride,₹2000
Vincent Chase Polarized,Size: Extra Wide • Holiday Edit 2.0,₹2000
Vincent Chase,Size: Narrow •,₹1500
John Jacobs,Size: Wide • John Jacobs,₹3500
Hooper,Size: 8-12 yrs • Hooper Sunnies,₹1000
Vincent Chase Polarized,Size: Wide • Holiday Edit,₹1500
Vincent Chase Polarized,Size: Wide • Classics,₹2000
Vincent Chase Online,Size: Wide • Glam Slam,₹2000
John Jacobs,Size: Wide • John Jacobs,₹5000
Vincent Chase Polarized,Size: Narrow • Havana,₹2000
John Jacobs,Size: Wide • John Jacobs,₹5000
Vincent Chase Polarized,Size: Wide • Holiday Edit,₹1500
John Jacobs,Size: Extra Wide • JJ Turban Edit,₹5000
Vincent Chase Polarized,Size: Wide •,₹1500
John Jacobs,Size: Medium • John Jacobs,₹5000
Vincent Chase Polarized,Size: Wide •,₹1500
John Jacobs,Size: Medium • John Jacobs,₹5000
Vincent Chase Polarized,Size: Wide •,₹2000
Vincent Chase Polarized,Size: Wide •,₹2000
Vincent Chase Polarized,Size: Narrow • Havana,₹2000
Vincent Chase Online,Size: Medium •,₹2000
Hooper,Size: 8-12 yrs •,₹1000
Vincent Chase Polarized,Size: Wide • Holiday Edit,₹1500
Vincent Chase Polarized,Size: Wide • Holiday Edit,₹1500
John Jacobs,Size: Extra Wide • JJ X Sobhita,₹5000
Vincent Chase Polarized,Size: Wide • Holiday Edit,₹1500
Vincent Chase,Size: Wide •,₹2000
Vincent Chase Polarized,Size: Wide • Holiday Edit,₹1500
John Jacobs,Size: Wide • Color Splash,₹5000
Vincent Chase Online,Size: Extra Wide •,₹2000
Vincent Chase Polarized,Size: Wide • Air,₹2000
Lenskart Boost,Size: Extra Wide • Ride,₹2000
Vincent Chase Polarized,Size: Medium • Wedding Edit,₹2000
John Jacobs,Size: Wide • John Jacobs,₹6000
Hooper,Size: 8-12 yrs • Hooper Sunnies,₹1000
Lenskart Boost,Size: Extra Wide • All Sports,₹2000
Vincent Chase Polarized,Size: Wide •,₹2000
John Jacobs,Size: Wide • JJ X Sobhita,₹5000
Vincent Chase,Size: Wide • Havana,₹1500
Vincent Chase Polarized,Size: Medium • Fashion Essentials,₹1000
John Jacobs,Size: Medium • John Jacobs,₹3500
Vincent Chase Polarized,Size: Wide •,₹2000
Vincent Chase Polarized,Size: Wide • Athleisure,₹1500
John Jacobs,Size: Extra Wide • John Jacobs,₹5000
Hooper,Size: 5-8 yrs • Hooper Sunnies,₹1000
John Jacobs,Size: Extra Wide • JJ X Masaba,₹6000
Lenskart Boost,Size: Extra Wide • Ride,₹2000
John Jacobs,Size: Extra Wide • John Jacobs,₹5000
Vincent Chase Online,Size: Narrow • PRIDE,₹2000
Lenskart Boost,Size: Wide • All Sports,₹2000
Vincent Chase Polarized,Size: Wide • Holiday Edit,₹1500
Vincent Chase Polarized,Size: Medium •,₹2000
Vincent Chase Online,Size: Wide • Crystal Clear,₹2000
John Jacobs Online,Size: Extra Wide • John Jacobs,₹3500
John Jacobs,Size: Medium • John Jacobs,₹3500
John Jacobs,Size: Narrow • John Jacobs,₹5000
Vincent Chase Polarized,Size: Wide • Urban Retro,₹2000
OJOS,Size: Extra Wide •,₹2000
Lenskart Boost,Size: Wide • Run,₹2000
John Jacobs,Size: Extra Wide • John Jacobs,₹3500
Vincent Chase Polarized,Size: Wide • Holiday Edit,₹1500
John Jacobs,Size: Extra Wide • John Jacobs,₹5000
Hooper,Size: 8-12 yrs •,₹1000
John Jacobs,Size: Extra Wide • JJ X Masaba,₹7000
Vincent Chase Polarized,Size: Wide •,₹2000
Vincent Chase Polarized,Size: Wide •,₹1500
Vincent Chase Polarized,Size: Narrow •,₹2000
John Jacobs,Size: Extra Wide • JJ X Masaba,₹7000
John Jacobs,Size: Wide • JJ X Sobhita,₹5000
John Jacobs,Size: Wide • John Jacobs,₹3500
John Jacobs,Size: Wide • John Jacobs,₹3500
John Jacobs,Size: Extra Wide • John Jacobs,₹5000
John Jacobs,Size: Wide • JJ X Masaba,₹6000
Vincent Chase Polarized,Size: Medium •,₹2000
John Jacobs,Size: Extra Wide • John Jacobs,₹5000
Vincent Chase,Size: Wide • Fashion Essentials,₹1000
Vincent Chase Polarized,Size: Wide •,₹2000
John Jacobs,Size: Wide • John Jacobs,₹3500
John Jacobs,Size: Wide • John Jacobs,₹3500
John Jacobs,Size: Extra Wide • John Jacobs,₹3500
Vincent Chase,Size: Wide • Havana,₹1500
John Jacobs,Size: Wide • John Jacobs,₹5000
Vincent Chase,Size: Wide • Fashion Essentials,₹1000
Lenskart Boost,Size: Extra Wide • All Sports,₹2000
Lenskart Boost,Size: Extra Wide • Ride,₹2000
John Jacobs,Size: Extra Wide • John Jacobs,₹3500
John Jacobs,Size: Extra Wide •,₹5000
Vincent Chase Polarized,Size: Wide •,₹1500
Vincent Chase Polarized,Size: Wide •,₹1500
Lenskart Boost,Size: Wide • Run,₹2000
John Jacobs,Size: Extra Wide •,₹5000
John Jacobs,Size: Medium • John Jacobs,₹5000
Vincent Chase Polarized,Size: Wide •,₹2000
John Jacobs,Size: Medium • John Jacobs,₹3500
John Jacobs,Size: Narrow • John Jacobs,₹5000
Hooper,Size: 8-12 yrs • Hooper Sunnies,₹1000
Vincent Chase Online,Size: Wide •,₹2000
Lenskart Boost,Size: Extra Wide • All Sports,₹2000
John Jacobs,Size: Extra Wide • John Jacobs,₹5000
Fallon Colby,Size: Medium •,₹1500
John Jacobs,Size: Extra Wide • John Jacobs,₹5000
John Jacobs,Size: Extra Wide • John Jacobs,₹6000
John Jacobs,Size: Extra Wide • John Jacobs,₹5000
Vincent Chase Online,Size: Wide •,₹2000
Lenskart Boost,Size: Extra Wide • All Sports,₹2000
John Jacobs,Size: Medium • John Jacobs,₹3500
John Jacobs,Size: Extra Wide • John Jacobs,₹3500
Vincent Chase Online,Size: Wide •,₹2000
Lenskart Boost,Size: Wide • All Sports,₹2000
John Jacobs,Size: Medium • John Jacobs,₹6000
Lenskart Boost,Size: Wide • Run,₹2000
Lenskart Boost,Size: Wide • Run,₹2000
Vincent Chase Polarized,Size: Wide • Havana,₹2000
John Jacobs,Size: Extra Wide • John Jacobs,₹5000
John Jacobs,Size: Medium • John Jacobs,₹3500
John Jacobs,Size: Medium • John Jacobs,₹3500
OJOS,Size: Extra Wide • OJOS,₹2000
Lenskart Boost,Size: Extra Wide • ADULT SWIM,₹1700
Lenskart STUDIO,Size: Medium • SHIELD SHADES,₹3000
John Jacobs,Size: Extra Wide • John Jacobs,₹5000
OJOS,Size: Extra Wide • OJOS,₹2000
John Jacobs,Size: Extra Wide • John Jacobs,₹5000
Vincent Chase,Size: Wide • Fashion Essentials,₹1000
John Jacobs,Size: Wide • John Jacobs,₹3500
John Jacobs,Size: Extra Wide • John Jacobs,₹3500
Lenskart Boost,Size: Narrow • zero power,₹1700
Vincent Chase,Size: Narrow • Celeb Edit,₹2000
John Jacobs,Size: Extra Wide • John Jacobs,₹5000
John Jacobs,Size: Extra Wide • John Jacobs,₹5000
John Jacobs,Size: Extra Wide • John Jacobs,₹5000
John Jacobs,Size: Extra Wide • John Jacobs,₹3500
Lenskart Boost,Size: Extra Wide • All Sports,₹2000
Vincent Chase,Size: Narrow • Celeb Edit,₹2000
Lenskart STUDIO,Size: Medium • SHIELD SHADES,₹3000
John Jacobs,Size: Extra Wide • John Jacobs,₹5000
John Jacobs,Size: Extra Wide • John Jacobs,₹5000
John Jacobs,Size: Extra Wide • John Jacobs,₹3500
Vincent Chase Polarized,Size: Medium •,₹1500
Fallon Colby,Size: Wide •,₹1500
John Jacobs,Size: Narrow • John Jacobs,₹5000
Lenskart Boost,Size: Narrow • zero power,₹1700
John Jacobs,Size: Extra Wide • John Jacobs,₹5000
John Jacobs,Size: Extra Wide • John Jacobs,₹5000
John Jacobs,Size: Medium • JJ Tints,₹6000
John Jacobs,Size: Medium • JJ Tints,₹6000
Vincent Chase,Size: Medium • Celeb Edit,₹2000
Lenskart STUDIO,Size: Medium • SHIELD SHADES,₹3000
John Jacobs,Size: Wide • John Jacobs,₹5000
John Jacobs,Size: Extra Wide • John Jacobs,₹5000
John Jacobs,Size: Extra Wide • John Jacobs,₹5000
OJOS,Size: Extra Wide • OJOS,₹2000
Lenskart Boost,Size: Wide • Run,₹2000
John Jacobs,Size: Extra Wide • John Jacobs,₹5000
OJOS,Size: Extra Wide •,₹2000
John Jacobs,Size: Extra Wide • John Jacobs,₹3500
John Jacobs,Size: Extra Wide • John Jacobs,₹3500
Lenskart Boost,Size: Extra Wide • ADULT SWIM,₹1700
OJOS,Size: Extra Wide •,₹2000
Lenskart Boost,Size: Extra Wide • All Sports,₹2000
Lenskart Boost,Size: Wide • Run,₹2000
Lenskart Boost,Size: Extra Wide • All Sports,₹2000
John Jacobs,Size: Extra Wide • JJ Tints,₹6000
Lenskart STUDIO,Size: Wide • SHIELD SHADES,₹3000
John Jacobs,Size: Wide • John Jacobs,₹3500
OJOS,Size: Wide • OJOS,₹2000
OJOS,Size: Wide • OJOS,₹2000
OJOS,Size: Extra Wide •,₹2000
OJOS,Size: Extra Wide •,₹2000
OJOS,Size: Extra Wide •,₹2000
Lenskart STUDIO,Size: Wide • SHIELD SHADES,₹3000
Mask,Size: Wide •,₹1500
Fallon Colby,Size: Medium •,₹1500
John Jacobs,Size: Extra Wide • John Jacobs,₹5000
OJOS,Size: Extra Wide • OJOS,₹2000
OJOS,Size: Extra Wide • OJOS,₹2000
OJOS,Size: Wide • OJOS,₹2000
OJOS,Size: Wide • OJOS,₹2000
OJOS,Size: Wide • OJOS,₹2000
Lenskart Boost,Size: Extra Wide • ADULT SWIM,₹1700
Lenskart Boost,Size: Narrow • -2,₹1700
Lenskart Boost,Size: Narrow • -1.5,₹1700
OJOS,Size: Medium •,₹2000
OJOS,Size: Medium •,₹2000
OJOS,Size: Extra Wide •,₹2000
Lenskart STUDIO,Size: Medium • SHIELD SHADES,₹3000
Lenskart STUDIO,Size: Medium • SHIELD SHADES,₹3000
John Jacobs Online,Size: Narrow • John Jacobs,₹3500
OJOS,Size: Narrow • OJOS,₹2000
OJOS,Size: Wide • OJOS,₹2000
OJOS,Size: Extra Wide •,₹2000
OJOS,Size: Medium •,₹2000
OJOS,Size: Extra Wide •,₹2000
OJOS,Size: Extra Wide •,₹2000
OJOS,Size: Extra Wide •,₹2000
John Jacobs,Size: Extra Wide • JJ Tints,₹6000
Lenskart STUDIO,Size: Wide • SHIELD SHADES,₹3000
Vincent Chase Polarized,Size: Wide • Livewire,₹2000
John Jacobs,Size: Extra Wide • John Jacobs,₹5000
John Jacobs,Size: Extra Wide • John Jacobs,₹5000
Vincent Chase Polarized,Size: Wide • Athleisure,₹2000
Vincent Chase Polarized,Size: Extra Wide • Athleisure,₹2000
Vincent Chase Polarized,Size: Medium • Athleisure,₹2000
Vincent Chase Polarized,Size: Medium • Athleisure,₹2000
Vincent Chase Polarized,Size: Wide • Athleisure,₹2000
Vincent Chase Polarized,Size: Wide • Athleisure,₹2000
Vincent Chase Polarized,Size: Medium • Athleisure,₹2000
Vincent Chase Polarized,Size: Extra Wide • Athleisure,₹2000
Vincent Chase Polarized,Size: Wide • Athleisure,₹2000
Lenskart STUDIO,Size: Narrow • SHIELD SHADES,₹3000
Lenskart STUDIO,Size: Narrow • SHIELD SHADES,₹3000
Vincent Chase Polarized,Size: Medium • Heroes 2.0,₹2000
Vincent Chase Polarized,Size: Medium • Heroes 2.0,₹2000
Vincent Chase Polarized,Size: Medium • Heroes 2.0,₹2000
Vincent Chase,Size: Medium • Celeb Edit,₹2000
OJOS,Size: Medium •,₹2000
OJOS,Size: Medium •,₹2000
OJOS,Size: Extra Wide •,₹2000
Lenskart Boost,Size: Narrow • -1.5,₹1700
OJOS,Size: Wide • OJOS,₹2000
OJOS,Size: Extra Wide • OJOS,₹2000
John Jacobs Online,Size: Extra Wide • John Jacobs,₹3500
Lenskart Hustlr,Size: Medium •,₹2000
Lenskart Hustlr,Size: Medium •,₹2000
Lenskart Hustlr,Size: Medium • Purple,₹2000
Lenskart Hustlr,Size: Medium • Flamingo,₹2000
Lenskart Hustlr,Size: Medium • Monza Red,₹2000
Lenskart Hustlr,Size: Medium • Turquoise,₹2000
Lenskart Hustlr,Size: Medium • Ocean Blue,₹2000
Lenskart Hustlr,Size: Medium • Midnight Blue,₹2000
Lenskart Hustlr,Size: Medium • Navy,₹2000
Vincent Chase,Size: Narrow • The Metal Edit,₹2000
Vincent Chase Polarized,Size: Narrow • The Metal edit,₹2000
Vincent Chase,Size: Medium • The Metal Edit,₹2000
Vincent Chase,Size: Wide • The Metal Edit,₹2000
Lenskart,Size: Extra Wide •,₹2000
Lenskart,Size: Wide •,₹2000
Lenskart,Size: Wide •,₹2000
Lenskart,Size: Extra Wide •,₹2000
Lenskart,Size: Extra Wide •,₹2000
Lenskart,Size: Extra Wide •,₹2000
Lenskart,Size: Extra Wide •,₹2000
Lenskart,Size: Extra Wide •,₹2000
Lenskart STUDIO,Size: Wide • SHIELD SHADES,₹3000
Lenskart STUDIO,Size: Wide • SHIELD SHADES,₹3000
Lenskart STUDIO,Size: Medium • SHIELD SHADES,₹3000
Lenskart STUDIO,Size: Wide • SHIELD SHADES,₹3000
Lenskart STUDIO,Size: Wide • SHIELD SHADES,₹3000
Lenskart STUDIO,Size: Wide • SHIELD SHADES,₹3000
Lenskart STUDIO,Size: Medium • SHIELD SHADES,₹3000
Vincent Chase,Size: Wide • Cruise Edit,₹2000
Vincent Chase,Size: Wide • Cruise Edit,₹2000
Vincent Chase,Size: Wide • Cruise Edit,₹2000
Vincent Chase,Size: Wide • Cruise Edit,₹2000
Vincent Chase Polarized,Size: Medium • Floral Edit,₹2000
Vincent Chase Polarized,Size: Medium • Floral Edit,₹2000
Vincent Chase Polarized,Size: Medium • Floral Edit,₹2000
Vincent Chase Polarized,Size: Medium • Floral Edit,₹2000
Vincent Chase Polarized,Size: Medium • Floral Edit,₹2000
Vincent Chase Polarized,Size: Medium • Floral Edit,₹2000
Vincent Chase Polarized,Size: Narrow • Floral Edit,₹2000
Vincent Chase Polarized,Size: Narrow • Floral Edit,₹2000
Vincent Chase Polarized,Size: Extra Narrow • Floral Edit,₹2000
Vincent Chase Polarized,Size: Extra Narrow • Floral Edit,₹2000
Vincent Chase,Size: Narrow • Floral Edit,₹2000
Vincent Chase,Size: Narrow • Floral Edit,₹2000
Vincent Chase,Size: Narrow • Floral Edit,₹2000
Vincent Chase,Size: Narrow • Floral Edit,₹2000
Vincent Chase,Size: Narrow • Floral Edit,₹2000
Vincent Chase,Size: Narrow • Floral Edit,₹2000
Vincent Chase,Size: Medium • Floral Edit,₹2000
Vincent Chase,Size: Medium • Floral Edit,₹2000
Vincent Chase,Size: Medium • Floral Edit,₹2000
John Jacobs,Size: Extra Wide • JJ Tints,₹5000
Lenskart,Size: Wide • Dragon Gaze,₹2000
John Jacobs,Size: Wide • John Jacobs,₹6000
John Jacobs,Size: Wide • John Jacobs,₹6000
John Jacobs,Size: Wide • John Jacobs,₹6000
John Jacobs,Size: Extra Wide • John Jacobs,₹6000
John Jacobs,Size: Extra Wide • John Jacobs,₹6000
John Jacobs,Size: Extra Wide •,₹8000
John Jacobs,Size: Extra Wide •,₹8000
John Jacobs,Size: Extra Wide •,₹8000
Vincent Chase Polarized,Size: Medium • Wedding Edit,₹2000
John Jacobs,Size: Extra Wide •,₹8000
John Jacobs,Size: Extra Wide •,₹8000
John Jacobs,Size: Extra Wide •,₹8000
Hooper,Size: 2-5 yrs • Memphis Hooper,₹1000
Hooper,Size: 8-12 yrs • Memphis Hooper,₹1000
Vincent Chase,Size: Wide • Fashion Essentials,₹1000
Vincent Chase,Size: Wide • Fashion Essentials,₹1000
Vincent Chase,Size: Wide • Fashion Essentials,₹1000
Vincent Chase Online,Size: Wide • Aerodynamics,₹2000
Vincent Chase Online,Size: Medium • Aerodynamics,₹2000
Vincent Chase Online,Size: Wide • Aerodynamics,₹2000
Vincent Chase,Size: Extra Wide • Maverick 2.0,₹1500
Vincent Chase Polarized,Size: Wide • Maverick 2.0,₹1500
OJOS,Size: Extra Wide •,₹2000
John Jacobs,Size: Extra Wide • John Jacobs,₹6000
John Jacobs,Size: Extra Wide • John Jacobs,₹6000
Vincent Chase Online,Size: Medium •,₹1500
Lenskart STUDIO,Size: Narrow • K-POP,₹2000
Lenskart STUDIO,Size: Wide • K-POP,₹2000
Lenskart STUDIO,Size: Narrow • K-POP,₹2000
Lenskart STUDIO,Size: Extra Narrow • K-POP,₹2000
Lenskart STUDIO,Size: Narrow • K-POP,₹2000
Lenskart STUDIO,Size: Medium • K-POP,₹2000
Lenskart STUDIO,Size: Extra Narrow • K-POP,₹2000
Lenskart STUDIO,Size: Extra Narrow • K-POP,₹2000
Lenskart STUDIO,Size: Extra Narrow • K-POP,₹2000
Lenskart STUDIO,Size: Medium • K-POP,₹2000
John Jacobs,Size: Wide • JJ Rhapsody,₹6000
John Jacobs,Size: Extra Wide • JJ Rhapsody,₹6000
John Jacobs,Size: Medium • JJ Rhapsody,₹6000
OJOS,Size: Extra Wide • OJOS,₹2000
OJOS,Size: Extra Wide • OJOS,₹2000
OJOS,Size: Medium • OJOS,₹2000
Vincent Chase Online,Size: Medium • Classic,₹2000
Vincent Chase Online,Size: Wide •,₹2000
Vincent Chase Polarized,Size: Wide •,₹1500
Vincent Chase Polarized,Size: Medium •,₹2000
Vincent Chase Online,Size: Wide •,₹2000
Vincent Chase Online,Size: Wide •,₹2000
Vincent Chase Polarized,Size: Wide •,₹2000
Vincent Chase Polarized,Size: Wide • Athleisure,₹1500
Vincent Chase Online,Size: Wide • Glam Slam,₹2000
Vincent Chase Online,Size: Wide • Glam Slam,₹2000
Vincent Chase Online,Size: Extra Wide • Tinted,₹1500
John Jacobs,Size: Extra Wide • John Jacobs,₹3500
John Jacobs,Size: Extra Wide • John Jacobs,₹5000
Vincent Chase Online,Size: Medium • Pride,₹2000
Vincent Chase Online,Size: Wide • Crystal Clear,₹2000
Vincent Chase Online,Size: Extra Wide • Crystal Clear,₹2000
Vincent Chase Online,Size: Medium • Wired up,₹2000
Vincent Chase Online,Size: Medium • Havana,₹2000
Vincent Chase,Size: Medium • Livewire,₹2000
Vincent Chase,Size: Medium • Livewire,₹2000
Vincent Chase Polarized,Size: Medium • Livewire,₹2000
Vincent Chase Online,Size: Medium • Livewire,₹2000
Vincent Chase Polarized,Size: Medium •,₹2000
John Jacobs Online,Size: Medium • John Jacobs,₹3500
John Jacobs,Size: Medium • John Jacobs,₹6000
John Jacobs,Size: Medium • John Jacobs,₹3500
John Jacobs,Size: Wide • John Jacobs,₹5000
Vincent Chase Polarized,Size: Medium •,₹2000
John Jacobs,Size: Medium • John Jacobs,₹3500
John Jacobs,Size: Medium • John Jacobs,₹3500
Vincent Chase Polarized,Size: Wide •,₹2000
Vincent Chase Online,Size: Wide • Mirage,₹1500
Vincent Chase Polarized,Size: Medium •,₹2000
Vincent Chase Polarized,Size: Medium • Air,₹2000
Vincent Chase Polarized,Size: Medium •,₹2000
John Jacobs,Size: Extra Wide • John Jacobs,₹6000
John Jacobs Online,Size: Extra Wide • John Jacobs,₹3500
John Jacobs,Size: Wide • John Jacobs,₹5000
John Jacobs,Size: Wide • John Jacobs,₹5000
John Jacobs,Size: Narrow • John Jacobs,₹3500
John Jacobs,Size: Extra Wide • John Jacobs,₹5000
John Jacobs,Size: Medium • John Jacobs,₹5000
Vincent Chase Polarized,Size: Medium •,₹2000
John Jacobs,Size: Wide • John Jacobs,₹5000
John Jacobs,Size: Extra Wide • John Jacobs,₹5000
John Jacobs Online,Size: Extra Wide • John Jacobs,₹3500
